{
  "title": "AWS Intel",
  "instance": "c7i.large",
  "triple": "x86_64-unknown-linux-gnu",
  "order": 2,
  "clocks": {
    "tach": {
      "now": 14.712924585571521,
      "elapsed": 30.15915001473622
    },
    "tach_ordered": {
      "now": 22.227625852989092,
      "elapsed": 43.201071092864126
    },
    "quanta": {
      "now": 17.530986908439594,
      "elapsed": 38.96819175686017
    },
    "fastant": {
      "now": 15.026564271647391,
      "elapsed": 40.69428578281837
    },
    "minstant": {
      "now": 15.027682025475784,
      "elapsed": 41.03828345437438
    },
    "std": {
      "now": 26.611384944330794,
      "elapsed": 56.81772876207788
    }
  }
}
