{
  "title": "GitHub Windows",
  "instance": "windows-2025",
  "triple": "x86_64-pc-windows-msvc",
  "order": 4,
  "provenance": {
    "source_revision": "89b42f1f9c3f1c36b1438de5da492c407f26942b",
    "rustc": "rustc 1.97.0 (2d8144b78 2026-07-07)",
    "cargo_profile": "bench",
    "features": [
      "bench-internal",
      "thread-cpu-inline"
    ],
    "harness": "criterion"
  },
  "clocks": {
    "tach": {
      "now": 11.53780039971181,
      "now_ci95": [
        11.532983901339092,
        11.545704979530205
      ],
      "elapsed": 22.753076835390857,
      "elapsed_ci95": [
        22.744424920285493,
        22.76669959663002
      ]
    },
    "tach_ordered": {
      "now": 22.149124347018713,
      "now_ci95": [
        22.136484505082134,
        22.156308086026993
      ],
      "elapsed": 48.16413326496192,
      "elapsed_ci95": [
        48.13136449857735,
        48.214830351348844
      ]
    },
    "quanta": {
      "now": 11.447597351358091,
      "now_ci95": [
        11.439179771194972,
        11.45811230493239
      ],
      "elapsed": 23.120202537850517,
      "elapsed_ci95": [
        23.107569372920963,
        23.143206217993708
      ]
    },
    "fastant": {
      "now": 41.22994533065352,
      "now_ci95": [
        41.19878862531979,
        41.243391753702106
      ],
      "elapsed": 95.8719770401919,
      "elapsed_ci95": [
        95.83240130897643,
        95.91292821341287
      ]
    },
    "minstant": {
      "now": 41.192890344982075,
      "now_ci95": [
        41.17867069314032,
        41.21795319979844
      ],
      "elapsed": 95.89907449729704,
      "elapsed_ci95": [
        95.86023242202086,
        95.93790002245825
      ]
    },
    "std": {
      "now": 37.72093774580892,
      "now_ci95": [
        37.708826241579274,
        37.746653732574735
      ],
      "elapsed": 78.32454157321878,
      "elapsed_ci95": [
        78.27663447941846,
        78.3609865470852
      ]
    },
    "tach_thread_cpu": {
      "now": 210.6722294308882,
      "now_ci95": [
        209.00818946133177,
        212.4470095510496
      ],
      "elapsed": 421.8001138417098,
      "elapsed_ci95": [
        420.365606367846,
        424.1698841698842
      ],
      "provider": "Windows GetThreadTimes",
      "read_cost": "system call",
      "time_domain": "thread CPU"
    },
    "native_thread_cpu": {
      "now": 213.64138976432866,
      "now_ci95": [
        211.7917855444603,
        214.21582613073758
      ],
      "elapsed": 428.5762859497071,
      "elapsed_ci95": [
        427.89036865469984,
        429.1422505307856
      ],
      "provider": "GetThreadTimes",
      "read_cost": "system call",
      "time_domain": "thread CPU"
    }
  }
}
